{
 "Week": "2025-10-25",
 "LastWeek": "",
 "X": 0.042716349641262585,
 "Programs": [
  {
   "Program": "cmd/asm",
   "Version": "go1.24.4",
   "GoVersion": "go1.24.4",
   "GOOS": "linux",
   "GOARCH": "amd64",
   "Counters": {
    "asm/flag:D": 83,
    "asm/flag:I": 83,
    "asm/flag:gensymabis": 31,
    "asm/flag:o": 83,
    "asm/flag:p": 83,
    "asm/flag:trimpath": 83,
    "asm/invocations": 83
   },
   "Stacks": {}
  },
  {
   "Program": "cmd/cgo",
   "Version": "go1.24.4",
   "GoVersion": "go1.24.4",
   "GOOS": "linux",
   "GOARCH": "amd64",
   "Counters": {
    "cgo/flag:dynimport": 4,
    "cgo/flag:dynlinker": 2,
    "cgo/flag:dynout": 4,
    "cgo/flag:dynpackage": 4,
    "cgo/flag:import_runtime_cgo": 3,
    "cgo/flag:import_syscall": 3,
    "cgo/flag:importpath": 5,
    "cgo/flag:ldflags": 5,
    "cgo/flag:objdir": 5,
    "cgo/invocations": 9
   },
   "Stacks": {}
  },
  {
   "Program": "cmd/compile",
   "Version": "go1.24.4",
   "GoVersion": "go1.24.4",
   "GOOS": "linux",
   "GOARCH": "amd64",
   "Counters": {
    "compile/flag:asmhdr": 31,
    "compile/flag:buildid": 276,
    "compile/flag:c": 276,
    "compile/flag:complete": 239,
    "compile/flag:dwarf": 35,
    "compile/flag:goversion": 276,
    "compile/flag:importcfg": 276,
    "compile/flag:lang": 276,
    "compile/flag:nolocalimports": 276,
    "compile/flag:o": 276,
    "compile/flag:p": 276,
    "compile/flag:pack": 276,
    "compile/flag:std": 183,
    "compile/flag:symabis": 31,
    "compile/flag:trimpath": 276,
    "compile/invocations": 1445
   },
   "Stacks": {}
  },
  {
   "Program": "cmd/go",
   "Version": "go1.24.4",
   "GoVersion": "go1.24.4",
   "GOOS": "linux",
   "GOARCH": "amd64",
   "Counters": {
    "go/build/flag:o": 9,
    "go/buildcache/hit": 33906,
    "go/buildcache/miss": 1294,
    "go/buildcache/stdlib-recompiled": 21,
    "go/env/flag:json": 72,
    "go/goroot:other": 706,
    "go/invocations": 706,
    "go/list/flag:compiled": 80,
    "go/list/flag:deps": 80,
    "go/list/flag:e": 235,
    "go/list/flag:export": 80,
    "go/list/flag:f": 238,
    "go/list/flag:find": 80,
    "go/list/flag:json": 115,
    "go/list/flag:m": 70,
    "go/list/flag:mod": 35,
    "go/list/flag:pgo": 80,
    "go/list/flag:test": 80,
    "go/mod-tidy/flag:modfile": 85,
    "go/mode:gopath": 122,
    "go/mode:module": 583,
    "go/platform/host/linux/major-version:6": 705,
    "go/platform/host/linux/version:6-2": 705,
    "go/platform/target/goamd64:v1": 705,
    "go/platform/target/goarch:amd64": 705,
    "go/platform/target/goos:linux": 705,
    "go/subcommand:build": 9,
    "go/subcommand:env": 107,
    "go/subcommand:list": 354,
    "go/subcommand:mod-init": 1,
    "go/subcommand:mod-tidy": 85,
    "go/subcommand:run": 113,
    "go/subcommand:version": 37
   },
   "Stacks": {}
  },
  {
   "Program": "golang.org/x/tools/gopls",
   "Version": "devel",
   "GoVersion": "go1.24.4",
   "GOOS": "linux",
   "GOARCH": "amd64",
   "Counters": {
    "gopls/client:other": 38,
    "gopls/completion/used:unknown": 229,
    "gopls/gotoolchain:auto": 37,
    "gopls/goversion:1.24": 35,
    "gopls/telemetryprompt/attempts:0": 35
   },
   "Stacks": {}
  },
  {
   "Program": "cmd/link",
   "Version": "go1.24.4",
   "GoVersion": "go1.24.4",
   "GOOS": "linux",
   "GOARCH": "amd64",
   "Counters": {
    "link/flag:buildid": 41,
    "link/flag:buildmode": 41,
    "link/flag:extld": 41,
    "link/flag:importcfg": 41,
    "link/flag:o": 41,
    "link/flag:s": 35,
    "link/flag:w": 35,
    "link/invocations": 204
   },
   "Stacks": {}
  }
 ],
 "Config": "v0.0.0-0"
}